segment,idx,rho_kpc,inc_deg,alpha_deg,h5
seg1,0,149.99999999999997,23.0,0.0,/data/sborthak/m61/edinburgh_movie/spectra/seg1/spec_0000_r150.00_i023.00_a000.00.h5
seg1,1,149.92349076416642,23.0,0.0,/data/sborthak/m61/edinburgh_movie/spectra/seg1/spec_0001_r149.92_i023.00_a000.00.h5
seg1,2,149.69548340677875,23.0,0.0,/data/sborthak/m61/edinburgh_movie/spectra/seg1/spec_0002_r149.70_i023.00_a000.00.h5
seg1,3,149.31859370029673,23.0,0.0,/data/sborthak/m61/edinburgh_movie/spectra/seg1/spec_0003_r149.32_i023.00_a000.00.h5
seg1,4,148.7958659408676,23.0,0.0,/data/sborthak/m61/edinburgh_movie/spectra/seg1/spec_0004_r148.80_i023.00_a000.00.h5
seg1,5,148.13074844536197,23.0,0.0,/data/sborthak/m61/edinburgh_movie/spectra/seg1/spec_0005_r148.13_i023.00_a000.00.h5
seg1,6,147.3270675516528,23.0,0.0,/data/sborthak/m61/edinburgh_movie/spectra/seg1/spec_0006_r147.33_i023.00_a000.00.h5
seg1,7,146.3890003550784,23.0,0.0,/data/sborthak/m61/edinburgh_movie/spectra/seg1/spec_0007_r146.39_i023.00_a000.00.h5
seg1,8,145.3210464145054,23.0,0.0,/data/sborthak/m61/edinburgh_movie/spectra/seg1/spec_0008_r145.32_i023.00_a000.00.h5
seg1,9,144.1279986596793,23.0,0.0,/data/sborthak/m61/edinburgh_movie/spectra/seg1/spec_0009_r144.13_i023.00_a000.00.h5
seg1,10,142.8149137277435,23.0,0.0,/data/sborthak/m61/edinburgh_movie/spectra/seg1/spec_0010_r142.81_i023.00_a000.00.h5
seg1,11,141.38708195105917,23.0,0.0,/data/sborthak/m61/edinburgh_movie/spectra/seg1/spec_0011_r141.39_i023.00_a000.00.h5
seg1,12,139.84999721096005,23.0,0.0,/data/sborthak/m61/edinburgh_movie/spectra/seg1/spec_0012_r139.85_i023.00_a000.00.h5
seg1,13,138.20932686298013,23.0,0.0,/data/sborthak/m61/edinburgh_movie/spectra/seg1/spec_0013_r138.21_i023.00_a000.00.h5
seg1,14,136.47088192859172,23.0,0.0,/data/sborthak/m61/edinburgh_movie/spectra/seg1/spec_0014_r136.47_i023.00_a000.00.h5
seg1,15,134.64058773678533,23.0,0.0,/data/sborthak/m61/edinburgh_movie/spectra/seg1/spec_0015_r134.64_i023.00_a000.00.h5
seg1,16,132.7244551860814,23.0,0.0,/data/sborthak/m61/edinburgh_movie/spectra/seg1/spec_0016_r132.72_i023.00_a000.00.h5
seg1,17,130.72855278400561,23.0,0.0,/data/sborthak/m61/edinburgh_movie/spectra/seg1/spec_0017_r130.73_i023.00_a000.00.h5
seg1,18,128.65897960685078,23.0,0.0,/data/sborthak/m61/edinburgh_movie/spectra/seg1/spec_0018_r128.66_i023.00_a000.00.h5
seg1,19,126.52183930788856,23.0,0.0,/data/sborthak/m61/edinburgh_movie/spectra/seg1/spec_0019_r126.52_i023.00_a000.00.h5
seg1,20,124.32321528725178,23.0,0.0,/data/sborthak/m61/edinburgh_movie/spectra/seg1/spec_0020_r124.32_i023.00_a000.00.h5
seg1,21,122.06914712165965,23.0,0.0,/data/sborthak/m61/edinburgh_movie/spectra/seg1/spec_0021_r122.07_i023.00_a000.00.h5
seg1,22,119.76560833715293,23.0,0.0,/data/sborthak/m61/edinburgh_movie/spectra/seg1/spec_0022_r119.77_i023.00_a000.00.h5
seg1,23,117.4184855931989,23.0,0.0,/data/sborthak/m61/edinburgh_movie/spectra/seg1/spec_0023_r117.42_i023.00_a000.00.h5
seg1,24,115.03355933204823,23.0,0.0,/data/sborthak/m61/edinburgh_movie/spectra/seg1/spec_0024_r115.03_i023.00_a000.00.h5
seg1,25,112.61648593319872,23.0,0.0,/data/sborthak/m61/edinburgh_movie/spectra/seg1/spec_0025_r112.62_i023.00_a000.00.h5
seg1,26,110.1727813993446,23.0,0.0,/data/sborthak/m61/edinburgh_movie/spectra/seg1/spec_0026_r110.17_i023.00_a000.00.h5
seg1,27,107.70780658738377,23.0,0.0,/data/sborthak/m61/edinburgh_movie/spectra/seg1/spec_0027_r107.71_i023.00_a000.00.h5
seg1,28,105.22675398595477,23.0,0.0,/data/sborthak/m61/edinburgh_movie/spectra/seg1/spec_0028_r105.23_i023.00_a000.00.h5
seg1,29,102.73463602969173,23.0,0.0,/data/sborthak/m61/edinburgh_movie/spectra/seg1/spec_0029_r102.73_i023.00_a000.00.h5
seg1,30,100.23627492993906,23.0,0.0,/data/sborthak/m61/edinburgh_movie/spectra/seg1/spec_0030_r100.24_i023.00_a000.00.h5
seg1,31,97.73629399210938,23.0,0.0,/data/sborthak/m61/edinburgh_movie/spectra/seg1/spec_0031_r097.74_i023.00_a000.00.h5
seg1,32,95.23911038122603,23.0,0.0,/data/sborthak/m61/edinburgh_movie/spectra/seg1/spec_0032_r095.24_i023.00_a000.00.h5
seg1,33,92.7489292894669,23.0,0.0,/data/sborthak/m61/edinburgh_movie/spectra/seg1/spec_0033_r092.75_i023.00_a000.00.h5
seg1,34,90.26973945274383,23.0,0.0,/data/sborthak/m61/edinburgh_movie/spectra/seg1/spec_0034_r090.27_i023.00_a000.00.h5
seg1,35,87.80530995747992,23.0,0.0,/data/sborthak/m61/edinburgh_movie/spectra/seg1/spec_0035_r087.81_i023.00_a000.00.h5
seg1,36,85.35918827378975,23.0,0.0,/data/sborthak/m61/edinburgh_movie/spectra/seg1/spec_0036_r085.36_i023.00_a000.00.h5
seg1,37,82.93469944718608,23.0,0.0,/data/sborthak/m61/edinburgh_movie/spectra/seg1/spec_0037_r082.93_i023.00_a000.00.h5
seg1,38,80.53494637771044,23.0,0.0,/data/sborthak/m61/edinburgh_movie/spectra/seg1/spec_0038_r080.53_i023.00_a000.00.h5
seg1,39,78.1628111129686,23.0,0.0,/data/sborthak/m61/edinburgh_movie/spectra/seg1/spec_0039_r078.16_i023.00_a000.00.h5
seg1,40,75.82095707990274,23.0,0.0,/data/sborthak/m61/edinburgh_movie/spectra/seg1/spec_0040_r075.82_i023.00_a000.00.h5
seg1,41,73.51183217921083,23.0,0.0,/data/sborthak/m61/edinburgh_movie/spectra/seg1/spec_0041_r073.51_i023.00_a000.00.h5
seg1,42,71.23767266606639,23.0,0.0,/data/sborthak/m61/edinburgh_movie/spectra/seg1/spec_0042_r071.24_i023.00_a000.00.h5
seg1,43,69.00050774115776,23.0,0.0,/data/sborthak/m61/edinburgh_movie/spectra/seg1/spec_0043_r069.00_i023.00_a000.00.h5
seg1,44,66.80216477699486,23.0,0.0,/data/sborthak/m61/edinburgh_movie/spectra/seg1/spec_0044_r066.80_i023.00_a000.00.h5
seg1,45,64.64427510586232,23.0,0.0,/data/sborthak/m61/edinburgh_movie/spectra/seg1/spec_0045_r064.64_i023.00_a000.00.h5
seg1,46,62.52828029769125,23.0,0.0,/data/sborthak/m61/edinburgh_movie/spectra/seg1/spec_0046_r062.53_i023.00_a000.00.h5
seg1,47,60.455438858398836,23.0,0.0,/data/sborthak/m61/edinburgh_movie/spectra/seg1/spec_0047_r060.46_i023.00_a000.00.h5
seg1,48,58.42683328187747,23.0,0.0,/data/sborthak/m61/edinburgh_movie/spectra/seg1/spec_0048_r058.43_i023.00_a000.00.h5
seg1,49,56.44337739172616,23.0,0.0,/data/sborthak/m61/edinburgh_movie/spectra/seg1/spec_0049_r056.44_i023.00_a000.00.h5
seg1,50,54.50582391197457,23.0,0.0,/data/sborthak/m61/edinburgh_movie/spectra/seg1/spec_0050_r054.51_i023.00_a000.00.h5
seg1,51,52.61477220939589,23.0,0.0,/data/sborthak/m61/edinburgh_movie/spectra/seg1/spec_0051_r052.61_i023.00_a000.00.h5
seg1,52,50.770676153493135,23.0,0.0,/data/sborthak/m61/edinburgh_movie/spectra/seg1/spec_0052_r050.77_i023.00_a000.00.h5
seg1,53,48.97385204384076,23.0,0.0,/data/sborthak/m61/edinburgh_movie/spectra/seg1/spec_0053_r048.97_i023.00_a000.00.h5
seg1,54,47.2244865581142,23.0,0.0,/data/sborthak/m61/edinburgh_movie/spectra/seg1/spec_0054_r047.22_i023.00_a000.00.h5
seg1,55,45.52264467782709,23.0,0.0,/data/sborthak/m61/edinburgh_movie/spectra/seg1/spec_0055_r045.52_i023.00_a000.00.h5
seg1,56,43.868277552465436,23.0,0.0,/data/sborthak/m61/edinburgh_movie/spectra/seg1/spec_0056_r043.87_i023.00_a000.00.h5
seg1,57,42.26123026635009,23.0,0.0,/data/sborthak/m61/edinburgh_movie/spectra/seg1/spec_0057_r042.26_i023.00_a000.00.h5
seg1,58,40.701249476128226,23.0,0.0,/data/sborthak/m61/edinburgh_movie/spectra/seg1/spec_0058_r040.70_i023.00_a000.00.h5
seg1,59,39.18799089028369,23.0,0.0,/data/sborthak/m61/edinburgh_movie/spectra/seg1/spec_0059_r039.19_i023.00_a000.00.h5
seg1,60,37.721026565432716,23.0,0.0,/data/sborthak/m61/edinburgh_movie/spectra/seg1/spec_0060_r037.72_i023.00_a000.00.h5
seg1,61,36.29985199742443,23.0,0.0,/data/sborthak/m61/edinburgh_movie/spectra/seg1/spec_0061_r036.30_i023.00_a000.00.h5
seg1,62,34.92389298837995,23.0,0.0,/data/sborthak/m61/edinburgh_movie/spectra/seg1/spec_0062_r034.92_i023.00_a000.00.h5
seg1,63,33.59251227376492,23.0,0.0,/data/sborthak/m61/edinburgh_movie/spectra/seg1/spec_0063_r033.59_i023.00_a000.00.h5
seg1,64,32.30501589639137,23.0,0.0,/data/sborthak/m61/edinburgh_movie/spectra/seg1/spec_0064_r032.31_i023.00_a000.00.h5
seg1,65,31.060659316880297,23.0,0.0,/data/sborthak/m61/edinburgh_movie/spectra/seg1/spec_0065_r031.06_i023.00_a000.00.h5
seg1,66,29.858653252575607,23.0,0.0,/data/sborthak/m61/edinburgh_movie/spectra/seg1/spec_0066_r029.86_i023.00_a000.00.h5
seg1,67,28.69816923919084,23.0,0.0,/data/sborthak/m61/edinburgh_movie/spectra/seg1/spec_0067_r028.70_i023.00_a000.00.h5
seg1,68,27.57834491157827,23.0,0.0,/data/sborthak/m61/edinburgh_movie/spectra/seg1/spec_0068_r027.58_i023.00_a000.00.h5
seg1,69,26.498289001951203,23.0,0.0,/data/sborthak/m61/edinburgh_movie/spectra/seg1/spec_0069_r026.50_i023.00_a000.00.h5
seg1,70,25.457086055652688,23.0,0.0,/data/sborthak/m61/edinburgh_movie/spectra/seg1/spec_0070_r025.46_i023.00_a000.00.h5
seg1,71,24.45380086616307,23.0,0.0,/data/sborthak/m61/edinburgh_movie/spectra/seg1/spec_0071_r024.45_i023.00_a000.00.h5
seg1,72,23.487482632470087,23.0,0.0,/data/sborthak/m61/edinburgh_movie/spectra/seg1/spec_0072_r023.49_i023.00_a000.00.h5
seg1,73,22.557168843201726,23.0,0.0,/data/sborthak/m61/edinburgh_movie/spectra/seg1/spec_0073_r022.56_i023.00_a000.00.h5
seg1,74,21.66188889304304,23.0,0.0,/data/sborthak/m61/edinburgh_movie/spectra/seg1/spec_0074_r021.66_i023.00_a000.00.h5
seg1,75,20.800667437938532,23.0,0.0,/data/sborthak/m61/edinburgh_movie/spectra/seg1/spec_0075_r020.80_i023.00_a000.00.h5
seg1,76,19.97252749642037,23.0,0.0,/data/sborthak/m61/edinburgh_movie/spectra/seg1/spec_0076_r019.97_i023.00_a000.00.h5
seg1,77,19.176493305115436,23.0,0.0,/data/sborthak/m61/edinburgh_movie/spectra/seg1/spec_0077_r019.18_i023.00_a000.00.h5
seg1,78,18.411592937073365,23.0,0.0,/data/sborthak/m61/edinburgh_movie/spectra/seg1/spec_0078_r018.41_i023.00_a000.00.h5
seg1,79,17.676860692034797,23.0,0.0,/data/sborthak/m61/edinburgh_movie/spectra/seg1/spec_0079_r017.68_i023.00_a000.00.h5
seg1,80,16.971339268130347,23.0,0.0,/data/sborthak/m61/edinburgh_movie/spectra/seg1/spec_0080_r016.97_i023.00_a000.00.h5
seg1,81,16.29408172477697,23.0,0.0,/data/sborthak/m61/edinburgh_movie/spectra/seg1/spec_0081_r016.29_i023.00_a000.00.h5
seg1,82,15.644153246723858,23.0,0.0,/data/sborthak/m61/edinburgh_movie/spectra/seg1/spec_0082_r015.64_i023.00_a000.00.h5
seg1,83,15.020632719307471,23.0,0.0,/data/sborthak/m61/edinburgh_movie/spectra/seg1/spec_0083_r015.02_i023.00_a000.00.h5
seg1,84,14.422614125007692,23.0,0.0,/data/sborthak/m61/edinburgh_movie/spectra/seg1/spec_0084_r014.42_i023.00_a000.00.h5
seg1,85,13.849207771366059,23.0,0.0,/data/sborthak/m61/edinburgh_movie/spectra/seg1/spec_0085_r013.85_i023.00_a000.00.h5
seg1,86,13.299541360236528,23.0,0.0,/data/sborthak/m61/edinburgh_movie/spectra/seg1/spec_0086_r013.30_i023.00_a000.00.h5
seg1,87,12.772760908198274,23.0,0.0,/data/sborthak/m61/edinburgh_movie/spectra/seg1/spec_0087_r012.77_i023.00_a000.00.h5
seg1,88,12.268031527774186,23.0,0.0,/data/sborthak/m61/edinburgh_movie/spectra/seg1/spec_0088_r012.27_i023.00_a000.00.h5
seg1,89,11.784538078873544,23.0,0.0,/data/sborthak/m61/edinburgh_movie/spectra/seg1/spec_0089_r011.78_i023.00_a000.00.h5
seg1,90,11.321485699620442,23.0,0.0,/data/sborthak/m61/edinburgh_movie/spectra/seg1/spec_0090_r011.32_i023.00_a000.00.h5
seg1,91,10.87810022544356,23.0,0.0,/data/sborthak/m61/edinburgh_movie/spectra/seg1/spec_0091_r010.88_i023.00_a000.00.h5
seg1,92,10.453628504995834,23.0,0.0,/data/sborthak/m61/edinburgh_movie/spectra/seg1/spec_0092_r010.45_i023.00_a000.00.h5
seg1,93,10.047338621145675,23.0,0.0,/data/sborthak/m61/edinburgh_movie/spectra/seg1/spec_0093_r010.05_i023.00_a000.00.h5
seg1,94,9.658520024942336,23.0,0.0,/data/sborthak/m61/edinburgh_movie/spectra/seg1/spec_0094_r009.66_i023.00_a000.00.h5
seg1,95,9.28648359010748,23.0,0.0,/data/sborthak/m61/edinburgh_movie/spectra/seg1/spec_0095_r009.29_i023.00_a000.00.h5
seg1,96,8.930561595248525,23.0,0.0,/data/sborthak/m61/edinburgh_movie/spectra/seg1/spec_0096_r008.93_i023.00_a000.00.h5
seg1,97,8.590107640629215,23.0,0.0,/data/sborthak/m61/edinburgh_movie/spectra/seg1/spec_0097_r008.59_i023.00_a000.00.h5
seg1,98,8.264496505971591,23.0,0.0,/data/sborthak/m61/edinburgh_movie/spectra/seg1/spec_0098_r008.26_i023.00_a000.00.h5
seg1,99,7.953123955404695,23.0,0.0,/data/sborthak/m61/edinburgh_movie/spectra/seg1/spec_0099_r007.95_i023.00_a000.00.h5
seg1,100,7.655406495319513,23.0,0.0,/data/sborthak/m61/edinburgh_movie/spectra/seg1/spec_0100_r007.66_i023.00_a000.00.h5
seg1,101,7.370781090540065,23.0,0.0,/data/sborthak/m61/edinburgh_movie/spectra/seg1/spec_0101_r007.37_i023.00_a000.00.h5
seg1,102,7.098704843878398,23.0,0.0,/data/sborthak/m61/edinburgh_movie/spectra/seg1/spec_0102_r007.10_i023.00_a000.00.h5
seg1,103,6.838654643807402,23.0,0.0,/data/sborthak/m61/edinburgh_movie/spectra/seg1/spec_0103_r006.84_i023.00_a000.00.h5
seg1,104,6.590126784662014,23.0,0.0,/data/sborthak/m61/edinburgh_movie/spectra/seg1/spec_0104_r006.59_i023.00_a000.00.h5
seg1,105,6.352636563466309,23.0,0.0,/data/sborthak/m61/edinburgh_movie/spectra/seg1/spec_0105_r006.35_i023.00_a000.00.h5
seg1,106,6.12571785718313,23.0,0.0,/data/sborthak/m61/edinburgh_movie/spectra/seg1/spec_0106_r006.13_i023.00_a000.00.h5
seg1,107,5.908922683893757,23.0,0.0,/data/sborthak/m61/edinburgh_movie/spectra/seg1/spec_0107_r005.91_i023.00_a000.00.h5
seg1,108,5.701820751139281,23.0,0.0,/data/sborthak/m61/edinburgh_movie/spectra/seg1/spec_0108_r005.70_i023.00_a000.00.h5
seg1,109,5.503998994391708,23.0,0.0,/data/sborthak/m61/edinburgh_movie/spectra/seg1/spec_0109_r005.50_i023.00_a000.00.h5
seg1,110,5.31506110837329,23.0,0.0,/data/sborthak/m61/edinburgh_movie/spectra/seg1/spec_0110_r005.32_i023.00_a000.00.h5
seg1,111,5.134627073705398,23.0,0.0,/data/sborthak/m61/edinburgh_movie/spectra/seg1/spec_0111_r005.13_i023.00_a000.00.h5
seg1,112,4.962332681145065,23.0,0.0,/data/sborthak/m61/edinburgh_movie/spectra/seg1/spec_0112_r004.96_i023.00_a000.00.h5
seg1,113,4.797829055456636,23.0,0.0,/data/sborthak/m61/edinburgh_movie/spectra/seg1/spec_0113_r004.80_i023.00_a000.00.h5
seg1,114,4.6407821807687615,23.0,0.0,/data/sborthak/m61/edinburgh_movie/spectra/seg1/spec_0114_r004.64_i023.00_a000.00.h5
seg1,115,4.490872429082015,23.0,0.0,/data/sborthak/m61/edinburgh_movie/spectra/seg1/spec_0115_r004.49_i023.00_a000.00.h5
seg1,116,4.3477940934201875,23.0,0.0,/data/sborthak/m61/edinburgh_movie/spectra/seg1/spec_0116_r004.35_i023.00_a000.00.h5
seg1,117,4.211254926958094,23.0,0.0,/data/sborthak/m61/edinburgh_movie/spectra/seg1/spec_0117_r004.21_i023.00_a000.00.h5
seg1,118,4.080975689310053,23.0,0.0,/data/sborthak/m61/edinburgh_movie/spectra/seg1/spec_0118_r004.08_i023.00_a000.00.h5
seg1,119,3.956689701026189,23.0,0.0,/data/sborthak/m61/edinburgh_movie/spectra/seg1/spec_0119_r003.96_i023.00_a000.00.h5
seg1,120,3.838142407217296,23.0,0.0,/data/sborthak/m61/edinburgh_movie/spectra/seg1/spec_0120_r003.84_i023.00_a000.00.h5
seg1,121,3.7250909511132493,23.0,0.0,/data/sborthak/m61/edinburgh_movie/spectra/seg1/spec_0121_r003.73_i023.00_a000.00.h5
seg1,122,3.6173037582543337,23.0,0.0,/data/sborthak/m61/edinburgh_movie/spectra/seg1/spec_0122_r003.62_i023.00_a000.00.h5
seg1,123,3.5145601319186537,23.0,0.0,/data/sborthak/m61/edinburgh_movie/spectra/seg1/spec_0123_r003.51_i023.00_a000.00.h5
seg1,124,3.416649860302026,23.0,0.0,/data/sborthak/m61/edinburgh_movie/spectra/seg1/spec_0124_r003.42_i023.00_a000.00.h5
seg1,125,3.323372835888707,23.0,0.0,/data/sborthak/m61/edinburgh_movie/spectra/seg1/spec_0125_r003.32_i023.00_a000.00.h5
seg1,126,3.234538687381587,23.0,0.0,/data/sborthak/m61/edinburgh_movie/spectra/seg1/spec_0126_r003.23_i023.00_a000.00.h5
seg1,127,3.149966424498827,23.0,0.0,/data/sborthak/m61/edinburgh_movie/spectra/seg1/spec_0127_r003.15_i023.00_a000.00.h5
seg1,128,3.069484095889906,23.0,0.0,/data/sborthak/m61/edinburgh_movie/spectra/seg1/spec_0128_r003.07_i023.00_a000.00.h5
seg1,129,2.99292846037712,23.0,0.0,/data/sborthak/m61/edinburgh_movie/spectra/seg1/spec_0129_r002.99_i023.00_a000.00.h5
seg1,130,2.9201446716888717,23.0,0.0,/data/sborthak/m61/edinburgh_movie/spectra/seg1/spec_0130_r002.92_i023.00_a000.00.h5
seg1,131,2.8509859768176695,23.0,0.0,/data/sborthak/m61/edinburgh_movie/spectra/seg1/spec_0131_r002.85_i023.00_a000.00.h5
seg1,132,2.7853134281089345,23.0,0.0,/data/sborthak/m61/edinburgh_movie/spectra/seg1/spec_0132_r002.79_i023.00_a000.00.h5
seg1,133,2.722995609165811,23.0,0.0,/data/sborthak/m61/edinburgh_movie/spectra/seg1/spec_0133_r002.72_i023.00_a000.00.h5
seg1,134,2.663908374640214,23.0,0.0,/data/sborthak/m61/edinburgh_movie/spectra/seg1/spec_0134_r002.66_i023.00_a000.00.h5
seg1,135,2.6079346039709996,23.0,0.0,/data/sborthak/m61/edinburgh_movie/spectra/seg1/spec_0135_r002.61_i023.00_a000.00.h5
seg1,136,2.5549639691263124,23.0,0.0,/data/sborthak/m61/edinburgh_movie/spectra/seg1/spec_0136_r002.55_i023.00_a000.00.h5
seg1,137,2.504892716408771,23.0,0.0,/data/sborthak/m61/edinburgh_movie/spectra/seg1/spec_0137_r002.50_i023.00_a000.00.h5
seg1,138,2.4576234623889532,23.0,0.0,/data/sborthak/m61/edinburgh_movie/spectra/seg1/spec_0138_r002.46_i023.00_a000.00.h5
seg1,139,2.413065004044841,23.0,0.0,/data/sborthak/m61/edinburgh_movie/spectra/seg1/spec_0139_r002.41_i023.00_a000.00.h5
seg1,140,2.371132143202214,23.0,0.0,/data/sborthak/m61/edinburgh_movie/spectra/seg1/spec_0140_r002.37_i023.00_a000.00.h5
seg1,141,2.331745525393748,23.0,0.0,/data/sborthak/m61/edinburgh_movie/spectra/seg1/spec_0141_r002.33_i023.00_a000.00.h5
seg1,142,2.2948314932826546,23.0,0.0,/data/sborthak/m61/edinburgh_movie/spectra/seg1/spec_0142_r002.29_i023.00_a000.00.h5
seg1,143,2.2603219548303732,23.0,0.0,/data/sborthak/m61/edinburgh_movie/spectra/seg1/spec_0143_r002.26_i023.00_a000.00.h5
seg1,144,2.228154266427317,23.0,0.0,/data/sborthak/m61/edinburgh_movie/spectra/seg1/spec_0144_r002.23_i023.00_a000.00.h5
seg1,145,2.1982711312510945,23.0,0.0,/data/sborthak/m61/edinburgh_movie/spectra/seg1/spec_0145_r002.20_i023.00_a000.00.h5
seg1,146,2.170620513168537,23.0,0.0,/data/sborthak/m61/edinburgh_movie/spectra/seg1/spec_0146_r002.17_i023.00_a000.00.h5
seg1,147,2.1451555665564848,23.0,0.0,/data/sborthak/m61/edinburgh_movie/spectra/seg1/spec_0147_r002.15_i023.00_a000.00.h5
seg1,148,2.121834582482183,23.0,0.0,/data/sborthak/m61/edinburgh_movie/spectra/seg1/spec_0148_r002.12_i023.00_a000.00.h5
seg1,149,2.1006209517579357,23.0,0.0,/data/sborthak/m61/edinburgh_movie/spectra/seg1/spec_0149_r002.10_i023.00_a000.00.h5
seg1,150,2.081483145466911,23.0,0.0,/data/sborthak/m61/edinburgh_movie/spectra/seg1/spec_0150_r002.08_i023.00_a000.00.h5
seg1,151,2.0643947136486847,23.0,0.0,/data/sborthak/m61/edinburgh_movie/spectra/seg1/spec_0151_r002.06_i023.00_a000.00.h5
seg1,152,2.0493343029348203,23.0,0.0,/data/sborthak/m61/edinburgh_movie/spectra/seg1/spec_0152_r002.05_i023.00_a000.00.h5
seg1,153,2.036285694037996,23.0,0.0,/data/sborthak/m61/edinburgh_movie/spectra/seg1/spec_0153_r002.04_i023.00_a000.00.h5
seg1,154,2.0252378601236525,23.0,0.0,/data/sborthak/m61/edinburgh_movie/spectra/seg1/spec_0154_r002.03_i023.00_a000.00.h5
seg1,155,2.016185047232573,23.0,0.0,/data/sborthak/m61/edinburgh_movie/spectra/seg1/spec_0155_r002.02_i023.00_a000.00.h5
seg1,156,2.0091268780775025,23.0,0.0,/data/sborthak/m61/edinburgh_movie/spectra/seg1/spec_0156_r002.01_i023.00_a000.00.h5
seg1,157,2.0040684807088494,23.0,0.0,/data/sborthak/m61/edinburgh_movie/spectra/seg1/spec_0157_r002.00_i023.00_a000.00.h5
seg1,158,2.0010206437355955,23.0,0.0,/data/sborthak/m61/edinburgh_movie/spectra/seg1/spec_0158_r002.00_i023.00_a000.00.h5
seg1,159,2.0,23.0,0.0,/data/sborthak/m61/edinburgh_movie/spectra/seg1/spec_0159_r002.00_i023.00_a000.00.h5
seg2,0,30.0,23.0,0.0,/data/sborthak/m61/edinburgh_movie/spectra/seg2/spec_0000_r030.00_i023.00_a000.00.h5
seg2,1,30.0,23.125598237317668,0.0,/data/sborthak/m61/edinburgh_movie/spectra/seg2/spec_0001_r030.00_i023.13_a000.00.h5
seg2,2,30.0,23.493805035607913,0.0,/data/sborthak/m61/edinburgh_movie/spectra/seg2/spec_0002_r030.00_i023.49_a000.00.h5
seg2,3,30.0,24.09173852437663,0.0,/data/sborthak/m61/edinburgh_movie/spectra/seg2/spec_0003_r030.00_i024.09_a000.00.h5
seg2,4,30.0,24.906516833129693,0.0,/data/sborthak/m61/edinburgh_movie/spectra/seg2/spec_0004_r030.00_i024.91_a000.00.h5
seg2,5,30.0,25.925258091372978,0.0,/data/sborthak/m61/edinburgh_movie/spectra/seg2/spec_0005_r030.00_i025.93_a000.00.h5
seg2,6,30.0,27.135080428612376,0.0,/data/sborthak/m61/edinburgh_movie/spectra/seg2/spec_0006_r030.00_i027.14_a000.00.h5
seg2,7,30.0,28.523101974353754,0.0,/data/sborthak/m61/edinburgh_movie/spectra/seg2/spec_0007_r030.00_i028.52_a000.00.h5
seg2,8,30.0,30.076440858103005,0.0,/data/sborthak/m61/edinburgh_movie/spectra/seg2/spec_0008_r030.00_i030.08_a000.00.h5
seg2,9,30.0,31.782215209365997,0.0,/data/sborthak/m61/edinburgh_movie/spectra/seg2/spec_0009_r030.00_i031.78_a000.00.h5
seg2,10,30.0,33.627543157648624,0.0,/data/sborthak/m61/edinburgh_movie/spectra/seg2/spec_0010_r030.00_i033.63_a000.00.h5
seg2,11,30.0,35.599542832456756,0.0,/data/sborthak/m61/edinburgh_movie/spectra/seg2/spec_0011_r030.00_i035.60_a000.00.h5
seg2,12,30.0,37.68533236329628,0.0,/data/sborthak/m61/edinburgh_movie/spectra/seg2/spec_0012_r030.00_i037.69_a000.00.h5
seg2,13,30.0,39.87202987967308,0.0,/data/sborthak/m61/edinburgh_movie/spectra/seg2/spec_0013_r030.00_i039.87_a000.00.h5
seg2,14,30.0,42.14675351109301,0.0,/data/sborthak/m61/edinburgh_movie/spectra/seg2/spec_0014_r030.00_i042.15_a000.00.h5
seg2,15,30.0,44.49662138706199,0.0,/data/sborthak/m61/edinburgh_movie/spectra/seg2/spec_0015_r030.00_i044.50_a000.00.h5
seg2,16,30.0,46.90875163708588,0.0,/data/sborthak/m61/edinburgh_movie/spectra/seg2/spec_0016_r030.00_i046.91_a000.00.h5
seg2,17,30.0,49.370262390670554,0.0,/data/sborthak/m61/edinburgh_movie/spectra/seg2/spec_0017_r030.00_i049.37_a000.00.h5
seg2,18,30.0,51.868271777321894,0.0,/data/sborthak/m61/edinburgh_movie/spectra/seg2/spec_0018_r030.00_i051.87_a000.00.h5
seg2,19,30.0,54.3898979265458,0.0,/data/sborthak/m61/edinburgh_movie/spectra/seg2/spec_0019_r030.00_i054.39_a000.00.h5
seg2,20,30.0,56.92225896784814,0.0,/data/sborthak/m61/edinburgh_movie/spectra/seg2/spec_0020_r030.00_i056.92_a000.00.h5
seg2,21,30.0,59.45247303073478,0.0,/data/sborthak/m61/edinburgh_movie/spectra/seg2/spec_0021_r030.00_i059.45_a000.00.h5
seg2,22,30.0,61.96765824471162,0.0,/data/sborthak/m61/edinburgh_movie/spectra/seg2/spec_0022_r030.00_i061.97_a000.00.h5
seg2,23,30.0,64.45493273928454,0.0,/data/sborthak/m61/edinburgh_movie/spectra/seg2/spec_0023_r030.00_i064.45_a000.00.h5
seg2,24,30.0,66.90141464395943,0.0,/data/sborthak/m61/edinburgh_movie/spectra/seg2/spec_0024_r030.00_i066.90_a000.00.h5
seg2,25,30.0,69.29422208824211,0.0,/data/sborthak/m61/edinburgh_movie/spectra/seg2/spec_0025_r030.00_i069.29_a000.00.h5
seg2,26,30.0,71.62047320163855,0.0,/data/sborthak/m61/edinburgh_movie/spectra/seg2/spec_0026_r030.00_i071.62_a000.00.h5
seg2,27,30.0,73.86728611365456,0.0,/data/sborthak/m61/edinburgh_movie/spectra/seg2/spec_0027_r030.00_i073.87_a000.00.h5
seg2,28,30.0,76.02177895379604,0.0,/data/sborthak/m61/edinburgh_movie/spectra/seg2/spec_0028_r030.00_i076.02_a000.00.h5
seg2,29,30.0,78.07106985156891,0.0,/data/sborthak/m61/edinburgh_movie/spectra/seg2/spec_0029_r030.00_i078.07_a000.00.h5
seg2,30,30.0,80.00227693647899,0.0,/data/sborthak/m61/edinburgh_movie/spectra/seg2/spec_0030_r030.00_i080.00_a000.00.h5
seg2,31,30.0,81.80251833803219,0.0,/data/sborthak/m61/edinburgh_movie/spectra/seg2/spec_0031_r030.00_i081.80_a000.00.h5
seg2,32,30.0,83.45891218573439,0.0,/data/sborthak/m61/edinburgh_movie/spectra/seg2/spec_0032_r030.00_i083.46_a000.00.h5
seg2,33,30.0,84.9585766090915,0.0,/data/sborthak/m61/edinburgh_movie/spectra/seg2/spec_0033_r030.00_i084.96_a000.00.h5
seg2,34,30.0,86.28862973760933,0.0,/data/sborthak/m61/edinburgh_movie/spectra/seg2/spec_0034_r030.00_i086.29_a000.00.h5
seg2,35,30.0,87.4361897007938,0.0,/data/sborthak/m61/edinburgh_movie/spectra/seg2/spec_0035_r030.00_i087.44_a000.00.h5
seg2,36,30.0,88.38837462815081,0.0,/data/sborthak/m61/edinburgh_movie/spectra/seg2/spec_0036_r030.00_i088.39_a000.00.h5
seg2,37,30.0,89.13230264918623,0.0,/data/sborthak/m61/edinburgh_movie/spectra/seg2/spec_0037_r030.00_i089.13_a000.00.h5
seg2,38,30.0,89.65509189340591,0.0,/data/sborthak/m61/edinburgh_movie/spectra/seg2/spec_0038_r030.00_i089.66_a000.00.h5
seg2,39,30.0,89.94386049031576,0.0,/data/sborthak/m61/edinburgh_movie/spectra/seg2/spec_0039_r030.00_i089.94_a000.00.h5
seg2,40,30.0,89.9810403647371,0.0,/data/sborthak/m61/edinburgh_movie/spectra/seg2/spec_0040_r030.00_i089.98_a000.00.h5
seg2,41,30.0,89.70177294842802,0.0,/data/sborthak/m61/edinburgh_movie/spectra/seg2/spec_0041_r030.00_i089.70_a000.00.h5
seg2,42,30.0,89.10238143700387,0.0,/data/sborthak/m61/edinburgh_movie/spectra/seg2/spec_0042_r030.00_i089.10_a000.00.h5
seg2,43,30.0,88.20016983560602,0.0,/data/sborthak/m61/edinburgh_movie/spectra/seg2/spec_0043_r030.00_i088.20_a000.00.h5
seg2,44,30.0,87.01244214937581,0.0,/data/sborthak/m61/edinburgh_movie/spectra/seg2/spec_0044_r030.00_i087.01_a000.00.h5
seg2,45,30.0,85.55650238345461,0.0,/data/sborthak/m61/edinburgh_movie/spectra/seg2/spec_0045_r030.00_i085.56_a000.00.h5
seg2,46,30.0,83.84965454298379,0.0,/data/sborthak/m61/edinburgh_movie/spectra/seg2/spec_0046_r030.00_i083.85_a000.00.h5
seg2,47,30.0,81.90920263310464,0.0,/data/sborthak/m61/edinburgh_movie/spectra/seg2/spec_0047_r030.00_i081.91_a000.00.h5
seg2,48,30.0,79.75245065895858,0.0,/data/sborthak/m61/edinburgh_movie/spectra/seg2/spec_0048_r030.00_i079.75_a000.00.h5
seg2,49,30.0,77.39670262568694,0.0,/data/sborthak/m61/edinburgh_movie/spectra/seg2/spec_0049_r030.00_i077.40_a000.00.h5
seg2,50,30.0,74.8592625384311,0.0,/data/sborthak/m61/edinburgh_movie/spectra/seg2/spec_0050_r030.00_i074.86_a000.00.h5
seg2,51,30.0,72.15743440233238,0.0,/data/sborthak/m61/edinburgh_movie/spectra/seg2/spec_0051_r030.00_i072.16_a000.00.h5
seg2,52,30.0,69.3085222225321,0.0,/data/sborthak/m61/edinburgh_movie/spectra/seg2/spec_0052_r030.00_i069.31_a000.00.h5
seg2,53,30.0,66.32983000417173,0.0,/data/sborthak/m61/edinburgh_movie/spectra/seg2/spec_0053_r030.00_i066.33_a000.00.h5
seg2,54,30.0,63.2386617523925,0.0,/data/sborthak/m61/edinburgh_movie/spectra/seg2/spec_0054_r030.00_i063.24_a000.00.h5
seg2,55,30.0,60.05232147233585,0.0,/data/sborthak/m61/edinburgh_movie/spectra/seg2/spec_0055_r030.00_i060.05_a000.00.h5
seg2,56,30.0,56.7881131691431,0.0,/data/sborthak/m61/edinburgh_movie/spectra/seg2/spec_0056_r030.00_i056.79_a000.00.h5
seg2,57,30.0,53.46334084795563,0.0,/data/sborthak/m61/edinburgh_movie/spectra/seg2/spec_0057_r030.00_i053.46_a000.00.h5
seg2,58,30.0,50.09530851391472,0.0,/data/sborthak/m61/edinburgh_movie/spectra/seg2/spec_0058_r030.00_i050.10_a000.00.h5
seg2,59,30.0,46.701320172161815,0.0,/data/sborthak/m61/edinburgh_movie/spectra/seg2/spec_0059_r030.00_i046.70_a000.00.h5
seg2,60,30.0,43.298679827838214,0.0,/data/sborthak/m61/edinburgh_movie/spectra/seg2/spec_0060_r030.00_i043.30_a000.00.h5
seg2,61,30.0,39.90469148608531,0.0,/data/sborthak/m61/edinburgh_movie/spectra/seg2/spec_0061_r030.00_i039.90_a000.00.h5
seg2,62,30.0,36.536659152044436,0.0,/data/sborthak/m61/edinburgh_movie/spectra/seg2/spec_0062_r030.00_i036.54_a000.00.h5
seg2,63,30.0,33.2118868308569,0.0,/data/sborthak/m61/edinburgh_movie/spectra/seg2/spec_0063_r030.00_i033.21_a000.00.h5
seg2,64,30.0,29.947678527664152,0.0,/data/sborthak/m61/edinburgh_movie/spectra/seg2/spec_0064_r030.00_i029.95_a000.00.h5
seg2,65,30.0,26.7613382476075,0.0,/data/sborthak/m61/edinburgh_movie/spectra/seg2/spec_0065_r030.00_i026.76_a000.00.h5
seg2,66,30.0,23.670169995828275,0.0,/data/sborthak/m61/edinburgh_movie/spectra/seg2/spec_0066_r030.00_i023.67_a000.00.h5
seg2,67,30.0,20.691477777467888,0.0,/data/sborthak/m61/edinburgh_movie/spectra/seg2/spec_0067_r030.00_i020.69_a000.00.h5
seg2,68,30.0,17.84256559766764,0.0,/data/sborthak/m61/edinburgh_movie/spectra/seg2/spec_0068_r030.00_i017.84_a000.00.h5
seg2,69,30.0,15.140737461568927,0.0,/data/sborthak/m61/edinburgh_movie/spectra/seg2/spec_0069_r030.00_i015.14_a000.00.h5
seg2,70,30.0,12.603297374313044,0.0,/data/sborthak/m61/edinburgh_movie/spectra/seg2/spec_0070_r030.00_i012.60_a000.00.h5
seg2,71,30.0,10.24754934104142,0.0,/data/sborthak/m61/edinburgh_movie/spectra/seg2/spec_0071_r030.00_i010.25_a000.00.h5
seg2,72,30.0,8.090797366895362,0.0,/data/sborthak/m61/edinburgh_movie/spectra/seg2/spec_0072_r030.00_i008.09_a000.00.h5
seg2,73,30.0,6.150345457016245,0.0,/data/sborthak/m61/edinburgh_movie/spectra/seg2/spec_0073_r030.00_i006.15_a000.00.h5
seg2,74,30.0,4.44349761654538,0.0,/data/sborthak/m61/edinburgh_movie/spectra/seg2/spec_0074_r030.00_i004.44_a000.00.h5
seg2,75,30.0,2.9875578506241887,0.0,/data/sborthak/m61/edinburgh_movie/spectra/seg2/spec_0075_r030.00_i002.99_a000.00.h5
seg2,76,30.0,1.799830164393993,0.0,/data/sborthak/m61/edinburgh_movie/spectra/seg2/spec_0076_r030.00_i001.80_a000.00.h5
seg2,77,30.0,0.8976185629961353,0.0,/data/sborthak/m61/edinburgh_movie/spectra/seg2/spec_0077_r030.00_i000.90_a000.00.h5
seg2,78,30.0,0.2982270515719876,0.0,/data/sborthak/m61/edinburgh_movie/spectra/seg2/spec_0078_r030.00_i000.30_a000.00.h5
seg2,79,30.0,0.018959635262901786,0.0,/data/sborthak/m61/edinburgh_movie/spectra/seg2/spec_0079_r030.00_i000.02_a000.00.h5
seg2,80,30.0,0.11840129032334551,0.0,/data/sborthak/m61/edinburgh_movie/spectra/seg2/spec_0080_r030.00_i000.12_a000.00.h5
seg2,81,30.0,0.5532445306347908,0.0,/data/sborthak/m61/edinburgh_movie/spectra/seg2/spec_0081_r030.00_i000.55_a000.00.h5
seg2,82,30.0,0.8801139833095808,0.0,/data/sborthak/m61/edinburgh_movie/spectra/seg2/spec_0082_r030.00_i000.88_a000.00.h5
seg2,83,30.0,1.2740524781341098,0.0,/data/sborthak/m61/edinburgh_movie/spectra/seg2/spec_0083_r030.00_i001.27_a000.00.h5
seg2,84,30.0,1.7306378804611284,0.0,/data/sborthak/m61/edinburgh_movie/spectra/seg2/spec_0084_r030.00_i001.73_a000.00.h5
seg2,85,30.0,2.2454480556434087,0.0,/data/sborthak/m61/edinburgh_movie/spectra/seg2/spec_0085_r030.00_i002.25_a000.00.h5
seg2,86,30.0,2.814060869033715,0.0,/data/sborthak/m61/edinburgh_movie/spectra/seg2/spec_0086_r030.00_i002.81_a000.00.h5
seg2,87,30.0,3.432054185984825,0.0,/data/sborthak/m61/edinburgh_movie/spectra/seg2/spec_0087_r030.00_i003.43_a000.00.h5
seg2,88,30.0,4.095005871849479,0.0,/data/sborthak/m61/edinburgh_movie/spectra/seg2/spec_0088_r030.00_i004.10_a000.00.h5
seg2,89,30.0,4.798493791980456,0.0,/data/sborthak/m61/edinburgh_movie/spectra/seg2/spec_0089_r030.00_i004.80_a000.00.h5
seg2,90,30.0,5.538095811730519,0.0,/data/sborthak/m61/edinburgh_movie/spectra/seg2/spec_0090_r030.00_i005.54_a000.00.h5
seg2,91,30.0,6.309389796452445,0.0,/data/sborthak/m61/edinburgh_movie/spectra/seg2/spec_0091_r030.00_i006.31_a000.00.h5
seg2,92,30.0,7.107953611498975,0.0,/data/sborthak/m61/edinburgh_movie/spectra/seg2/spec_0092_r030.00_i007.11_a000.00.h5
seg2,93,30.0,7.929365122222886,0.0,/data/sborthak/m61/edinburgh_movie/spectra/seg2/spec_0093_r030.00_i007.93_a000.00.h5
seg2,94,30.0,8.769202193976959,0.0,/data/sborthak/m61/edinburgh_movie/spectra/seg2/spec_0094_r030.00_i008.77_a000.00.h5
seg2,95,30.0,9.623042692113927,0.0,/data/sborthak/m61/edinburgh_movie/spectra/seg2/spec_0095_r030.00_i009.62_a000.00.h5
seg2,96,30.0,10.48646448198657,0.0,/data/sborthak/m61/edinburgh_movie/spectra/seg2/spec_0096_r030.00_i010.49_a000.00.h5
seg2,97,30.0,11.355045428947655,0.0,/data/sborthak/m61/edinburgh_movie/spectra/seg2/spec_0097_r030.00_i011.36_a000.00.h5
seg2,98,30.0,12.224363398349945,0.0,/data/sborthak/m61/edinburgh_movie/spectra/seg2/spec_0098_r030.00_i012.22_a000.00.h5
seg2,99,30.0,13.089996255546207,0.0,/data/sborthak/m61/edinburgh_movie/spectra/seg2/spec_0099_r030.00_i013.09_a000.00.h5
seg2,100,30.0,13.947521865889204,0.0,/data/sborthak/m61/edinburgh_movie/spectra/seg2/spec_0100_r030.00_i013.95_a000.00.h5
seg2,101,30.0,14.792518094731705,0.0,/data/sborthak/m61/edinburgh_movie/spectra/seg2/spec_0101_r030.00_i014.79_a000.00.h5
seg2,102,30.0,15.620562807426479,0.0,/data/sborthak/m61/edinburgh_movie/spectra/seg2/spec_0102_r030.00_i015.62_a000.00.h5
seg2,103,30.0,16.427233869326276,0.0,/data/sborthak/m61/edinburgh_movie/spectra/seg2/spec_0103_r030.00_i016.43_a000.00.h5
seg2,104,30.0,17.208109145783865,0.0,/data/sborthak/m61/edinburgh_movie/spectra/seg2/spec_0104_r030.00_i017.21_a000.00.h5
seg2,105,30.0,17.958766502152013,0.0,/data/sborthak/m61/edinburgh_movie/spectra/seg2/spec_0105_r030.00_i017.96_a000.00.h5
seg2,106,30.0,18.674783803783505,0.0,/data/sborthak/m61/edinburgh_movie/spectra/seg2/spec_0106_r030.00_i018.67_a000.00.h5
seg2,107,30.0,19.35173891603107,0.0,/data/sborthak/m61/edinburgh_movie/spectra/seg2/spec_0107_r030.00_i019.35_a000.00.h5
seg2,108,30.0,19.98520970424749,0.0,/data/sborthak/m61/edinburgh_movie/spectra/seg2/spec_0108_r030.00_i019.99_a000.00.h5
seg2,109,30.0,20.57077403378553,0.0,/data/sborthak/m61/edinburgh_movie/spectra/seg2/spec_0109_r030.00_i020.57_a000.00.h5
seg2,110,30.0,21.104009769997962,0.0,/data/sborthak/m61/edinburgh_movie/spectra/seg2/spec_0110_r030.00_i021.10_a000.00.h5
seg2,111,30.0,21.580494778237536,0.0,/data/sborthak/m61/edinburgh_movie/spectra/seg2/spec_0111_r030.00_i021.58_a000.00.h5
seg2,112,30.0,21.995806923857028,0.0,/data/sborthak/m61/edinburgh_movie/spectra/seg2/spec_0112_r030.00_i022.00_a000.00.h5
seg2,113,30.0,22.34552407220921,0.0,/data/sborthak/m61/edinburgh_movie/spectra/seg2/spec_0113_r030.00_i022.35_a000.00.h5
seg2,114,30.0,22.625224088646828,0.0,/data/sborthak/m61/edinburgh_movie/spectra/seg2/spec_0114_r030.00_i022.63_a000.00.h5
seg2,115,30.0,22.83048483852265,0.0,/data/sborthak/m61/edinburgh_movie/spectra/seg2/spec_0115_r030.00_i022.83_a000.00.h5
seg2,116,30.0,22.95688418718946,0.0,/data/sborthak/m61/edinburgh_movie/spectra/seg2/spec_0116_r030.00_i022.96_a000.00.h5
seg3,0,30.0,23.0,0.0,/data/sborthak/m61/edinburgh_movie/spectra/seg3/spec_0000_r030.00_i023.00_a000.00.h5
seg3,1,30.0,23.0,2.011173184357542,/data/sborthak/m61/edinburgh_movie/spectra/seg3/spec_0001_r030.00_i023.00_a002.01.h5
seg3,2,30.0,23.0,4.022346368715084,/data/sborthak/m61/edinburgh_movie/spectra/seg3/spec_0002_r030.00_i023.00_a004.02.h5
seg3,3,30.0,23.0,6.033519553072626,/data/sborthak/m61/edinburgh_movie/spectra/seg3/spec_0003_r030.00_i023.00_a006.03.h5
seg3,4,30.0,23.0,8.044692737430168,/data/sborthak/m61/edinburgh_movie/spectra/seg3/spec_0004_r030.00_i023.00_a008.04.h5
seg3,5,30.0,23.0,10.05586592178771,/data/sborthak/m61/edinburgh_movie/spectra/seg3/spec_0005_r030.00_i023.00_a010.06.h5
seg3,6,30.0,23.0,12.067039106145252,/data/sborthak/m61/edinburgh_movie/spectra/seg3/spec_0006_r030.00_i023.00_a012.07.h5
seg3,7,30.0,23.0,14.078212290502794,/data/sborthak/m61/edinburgh_movie/spectra/seg3/spec_0007_r030.00_i023.00_a014.08.h5
seg3,8,30.0,23.0,16.089385474860336,/data/sborthak/m61/edinburgh_movie/spectra/seg3/spec_0008_r030.00_i023.00_a016.09.h5
seg3,9,30.0,23.0,18.100558659217878,/data/sborthak/m61/edinburgh_movie/spectra/seg3/spec_0009_r030.00_i023.00_a018.10.h5
seg3,10,30.0,23.0,20.11173184357542,/data/sborthak/m61/edinburgh_movie/spectra/seg3/spec_0010_r030.00_i023.00_a020.11.h5
seg3,11,30.0,23.0,22.122905027932962,/data/sborthak/m61/edinburgh_movie/spectra/seg3/spec_0011_r030.00_i023.00_a022.12.h5
seg3,12,30.0,23.0,24.134078212290504,/data/sborthak/m61/edinburgh_movie/spectra/seg3/spec_0012_r030.00_i023.00_a024.13.h5
seg3,13,30.0,23.0,26.145251396648046,/data/sborthak/m61/edinburgh_movie/spectra/seg3/spec_0013_r030.00_i023.00_a026.15.h5
seg3,14,30.0,23.0,28.156424581005588,/data/sborthak/m61/edinburgh_movie/spectra/seg3/spec_0014_r030.00_i023.00_a028.16.h5
seg3,15,30.0,23.0,30.16759776536313,/data/sborthak/m61/edinburgh_movie/spectra/seg3/spec_0015_r030.00_i023.00_a030.17.h5
seg3,16,30.0,23.0,32.17877094972067,/data/sborthak/m61/edinburgh_movie/spectra/seg3/spec_0016_r030.00_i023.00_a032.18.h5
seg3,17,30.0,23.0,34.18994413407821,/data/sborthak/m61/edinburgh_movie/spectra/seg3/spec_0017_r030.00_i023.00_a034.19.h5
seg3,18,30.0,23.0,36.201117318435756,/data/sborthak/m61/edinburgh_movie/spectra/seg3/spec_0018_r030.00_i023.00_a036.20.h5
seg3,19,30.0,23.0,38.212290502793294,/data/sborthak/m61/edinburgh_movie/spectra/seg3/spec_0019_r030.00_i023.00_a038.21.h5
seg3,20,30.0,23.0,40.22346368715084,/data/sborthak/m61/edinburgh_movie/spectra/seg3/spec_0020_r030.00_i023.00_a040.22.h5
seg3,21,30.0,23.0,42.23463687150838,/data/sborthak/m61/edinburgh_movie/spectra/seg3/spec_0021_r030.00_i023.00_a042.23.h5
seg3,22,30.0,23.0,44.245810055865924,/data/sborthak/m61/edinburgh_movie/spectra/seg3/spec_0022_r030.00_i023.00_a044.25.h5
seg3,23,30.0,23.0,46.25698324022346,/data/sborthak/m61/edinburgh_movie/spectra/seg3/spec_0023_r030.00_i023.00_a046.26.h5
seg3,24,30.0,23.0,48.26815642458101,/data/sborthak/m61/edinburgh_movie/spectra/seg3/spec_0024_r030.00_i023.00_a048.27.h5
seg3,25,30.0,23.0,50.279329608938546,/data/sborthak/m61/edinburgh_movie/spectra/seg3/spec_0025_r030.00_i023.00_a050.28.h5
seg3,26,30.0,23.0,52.29050279329609,/data/sborthak/m61/edinburgh_movie/spectra/seg3/spec_0026_r030.00_i023.00_a052.29.h5
seg3,27,30.0,23.0,54.30167597765363,/data/sborthak/m61/edinburgh_movie/spectra/seg3/spec_0027_r030.00_i023.00_a054.30.h5
seg3,28,30.0,23.0,56.312849162011176,/data/sborthak/m61/edinburgh_movie/spectra/seg3/spec_0028_r030.00_i023.00_a056.31.h5
seg3,29,30.0,23.0,58.324022346368714,/data/sborthak/m61/edinburgh_movie/spectra/seg3/spec_0029_r030.00_i023.00_a058.32.h5
seg3,30,30.0,23.0,60.33519553072626,/data/sborthak/m61/edinburgh_movie/spectra/seg3/spec_0030_r030.00_i023.00_a060.34.h5
seg3,31,30.0,23.0,62.346368715083806,/data/sborthak/m61/edinburgh_movie/spectra/seg3/spec_0031_r030.00_i023.00_a062.35.h5
seg3,32,30.0,23.0,64.35754189944134,/data/sborthak/m61/edinburgh_movie/spectra/seg3/spec_0032_r030.00_i023.00_a064.36.h5
seg3,33,30.0,23.0,66.36871508379889,/data/sborthak/m61/edinburgh_movie/spectra/seg3/spec_0033_r030.00_i023.00_a066.37.h5
seg3,34,30.0,23.0,68.37988826815642,/data/sborthak/m61/edinburgh_movie/spectra/seg3/spec_0034_r030.00_i023.00_a068.38.h5
seg3,35,30.0,23.0,70.39106145251397,/data/sborthak/m61/edinburgh_movie/spectra/seg3/spec_0035_r030.00_i023.00_a070.39.h5
seg3,36,30.0,23.0,72.40223463687151,/data/sborthak/m61/edinburgh_movie/spectra/seg3/spec_0036_r030.00_i023.00_a072.40.h5
seg3,37,30.0,23.0,74.41340782122906,/data/sborthak/m61/edinburgh_movie/spectra/seg3/spec_0037_r030.00_i023.00_a074.41.h5
seg3,38,30.0,23.0,76.42458100558659,/data/sborthak/m61/edinburgh_movie/spectra/seg3/spec_0038_r030.00_i023.00_a076.42.h5
seg3,39,30.0,23.0,78.43575418994413,/data/sborthak/m61/edinburgh_movie/spectra/seg3/spec_0039_r030.00_i023.00_a078.44.h5
seg3,40,30.0,23.0,80.44692737430168,/data/sborthak/m61/edinburgh_movie/spectra/seg3/spec_0040_r030.00_i023.00_a080.45.h5
seg3,41,30.0,23.0,82.45810055865923,/data/sborthak/m61/edinburgh_movie/spectra/seg3/spec_0041_r030.00_i023.00_a082.46.h5
seg3,42,30.0,23.0,84.46927374301676,/data/sborthak/m61/edinburgh_movie/spectra/seg3/spec_0042_r030.00_i023.00_a084.47.h5
seg3,43,30.0,23.0,86.4804469273743,/data/sborthak/m61/edinburgh_movie/spectra/seg3/spec_0043_r030.00_i023.00_a086.48.h5
seg3,44,30.0,23.0,88.49162011173185,/data/sborthak/m61/edinburgh_movie/spectra/seg3/spec_0044_r030.00_i023.00_a088.49.h5
seg3,45,30.0,23.0,90.5027932960894,/data/sborthak/m61/edinburgh_movie/spectra/seg3/spec_0045_r030.00_i023.00_a090.50.h5
seg3,46,30.0,23.0,92.51396648044692,/data/sborthak/m61/edinburgh_movie/spectra/seg3/spec_0046_r030.00_i023.00_a092.51.h5
seg3,47,30.0,23.0,94.52513966480447,/data/sborthak/m61/edinburgh_movie/spectra/seg3/spec_0047_r030.00_i023.00_a094.53.h5
seg3,48,30.0,23.0,96.53631284916202,/data/sborthak/m61/edinburgh_movie/spectra/seg3/spec_0048_r030.00_i023.00_a096.54.h5
seg3,49,30.0,23.0,98.54748603351955,/data/sborthak/m61/edinburgh_movie/spectra/seg3/spec_0049_r030.00_i023.00_a098.55.h5
seg3,50,30.0,23.0,100.55865921787709,/data/sborthak/m61/edinburgh_movie/spectra/seg3/spec_0050_r030.00_i023.00_a100.56.h5
seg3,51,30.0,23.0,102.56983240223465,/data/sborthak/m61/edinburgh_movie/spectra/seg3/spec_0051_r030.00_i023.00_a102.57.h5
seg3,52,30.0,23.0,104.58100558659218,/data/sborthak/m61/edinburgh_movie/spectra/seg3/spec_0052_r030.00_i023.00_a104.58.h5
seg3,53,30.0,23.0,106.59217877094973,/data/sborthak/m61/edinburgh_movie/spectra/seg3/spec_0053_r030.00_i023.00_a106.59.h5
seg3,54,30.0,23.0,108.60335195530726,/data/sborthak/m61/edinburgh_movie/spectra/seg3/spec_0054_r030.00_i023.00_a108.60.h5
seg3,55,30.0,23.0,110.6145251396648,/data/sborthak/m61/edinburgh_movie/spectra/seg3/spec_0055_r030.00_i023.00_a110.61.h5
seg3,56,30.0,23.0,112.62569832402235,/data/sborthak/m61/edinburgh_movie/spectra/seg3/spec_0056_r030.00_i023.00_a112.63.h5
seg3,57,30.0,23.0,114.63687150837988,/data/sborthak/m61/edinburgh_movie/spectra/seg3/spec_0057_r030.00_i023.00_a114.64.h5
seg3,58,30.0,23.0,116.64804469273743,/data/sborthak/m61/edinburgh_movie/spectra/seg3/spec_0058_r030.00_i023.00_a116.65.h5
seg3,59,30.0,23.0,118.65921787709496,/data/sborthak/m61/edinburgh_movie/spectra/seg3/spec_0059_r030.00_i023.00_a118.66.h5
seg3,60,30.0,23.0,120.67039106145252,/data/sborthak/m61/edinburgh_movie/spectra/seg3/spec_0060_r030.00_i023.00_a120.67.h5
seg3,61,30.0,23.0,122.68156424581007,/data/sborthak/m61/edinburgh_movie/spectra/seg3/spec_0061_r030.00_i023.00_a122.68.h5
seg3,62,30.0,23.0,124.69273743016761,/data/sborthak/m61/edinburgh_movie/spectra/seg3/spec_0062_r030.00_i023.00_a124.69.h5
seg3,63,30.0,23.0,126.70391061452514,/data/sborthak/m61/edinburgh_movie/spectra/seg3/spec_0063_r030.00_i023.00_a126.70.h5
seg3,64,30.0,23.0,128.7150837988827,/data/sborthak/m61/edinburgh_movie/spectra/seg3/spec_0064_r030.00_i023.00_a128.72.h5
seg3,65,30.0,23.0,130.72625698324023,/data/sborthak/m61/edinburgh_movie/spectra/seg3/spec_0065_r030.00_i023.00_a130.73.h5
seg3,66,30.0,23.0,132.73743016759778,/data/sborthak/m61/edinburgh_movie/spectra/seg3/spec_0066_r030.00_i023.00_a132.74.h5
seg3,67,30.0,23.0,134.7486033519553,/data/sborthak/m61/edinburgh_movie/spectra/seg3/spec_0067_r030.00_i023.00_a134.75.h5
seg3,68,30.0,23.0,136.75977653631284,/data/sborthak/m61/edinburgh_movie/spectra/seg3/spec_0068_r030.00_i023.00_a136.76.h5
seg3,69,30.0,23.0,138.77094972067042,/data/sborthak/m61/edinburgh_movie/spectra/seg3/spec_0069_r030.00_i023.00_a138.77.h5
seg3,70,30.0,23.0,140.78212290502793,/data/sborthak/m61/edinburgh_movie/spectra/seg3/spec_0070_r030.00_i023.00_a140.78.h5
seg3,71,30.0,23.0,142.79329608938548,/data/sborthak/m61/edinburgh_movie/spectra/seg3/spec_0071_r030.00_i023.00_a142.79.h5
seg3,72,30.0,23.0,144.80446927374302,/data/sborthak/m61/edinburgh_movie/spectra/seg3/spec_0072_r030.00_i023.00_a144.80.h5
seg3,73,30.0,23.0,146.81564245810057,/data/sborthak/m61/edinburgh_movie/spectra/seg3/spec_0073_r030.00_i023.00_a146.82.h5
seg3,74,30.0,23.0,148.82681564245812,/data/sborthak/m61/edinburgh_movie/spectra/seg3/spec_0074_r030.00_i023.00_a148.83.h5
seg3,75,30.0,23.0,150.83798882681563,/data/sborthak/m61/edinburgh_movie/spectra/seg3/spec_0075_r030.00_i023.00_a150.84.h5
seg3,76,30.0,23.0,152.84916201117318,/data/sborthak/m61/edinburgh_movie/spectra/seg3/spec_0076_r030.00_i023.00_a152.85.h5
seg3,77,30.0,23.0,154.86033519553072,/data/sborthak/m61/edinburgh_movie/spectra/seg3/spec_0077_r030.00_i023.00_a154.86.h5
seg3,78,30.0,23.0,156.87150837988827,/data/sborthak/m61/edinburgh_movie/spectra/seg3/spec_0078_r030.00_i023.00_a156.87.h5
seg3,79,30.0,23.0,158.88268156424581,/data/sborthak/m61/edinburgh_movie/spectra/seg3/spec_0079_r030.00_i023.00_a158.88.h5
seg3,80,30.0,23.0,160.89385474860336,/data/sborthak/m61/edinburgh_movie/spectra/seg3/spec_0080_r030.00_i023.00_a160.89.h5
seg3,81,30.0,23.0,162.9050279329609,/data/sborthak/m61/edinburgh_movie/spectra/seg3/spec_0081_r030.00_i023.00_a162.91.h5
seg3,82,30.0,23.0,164.91620111731845,/data/sborthak/m61/edinburgh_movie/spectra/seg3/spec_0082_r030.00_i023.00_a164.92.h5
seg3,83,30.0,23.0,166.92737430167597,/data/sborthak/m61/edinburgh_movie/spectra/seg3/spec_0083_r030.00_i023.00_a166.93.h5
seg3,84,30.0,23.0,168.9385474860335,/data/sborthak/m61/edinburgh_movie/spectra/seg3/spec_0084_r030.00_i023.00_a168.94.h5
seg3,85,30.0,23.0,170.94972067039106,/data/sborthak/m61/edinburgh_movie/spectra/seg3/spec_0085_r030.00_i023.00_a170.95.h5
seg3,86,30.0,23.0,172.9608938547486,/data/sborthak/m61/edinburgh_movie/spectra/seg3/spec_0086_r030.00_i023.00_a172.96.h5
seg3,87,30.0,23.0,174.97206703910615,/data/sborthak/m61/edinburgh_movie/spectra/seg3/spec_0087_r030.00_i023.00_a174.97.h5
seg3,88,30.0,23.0,176.9832402234637,/data/sborthak/m61/edinburgh_movie/spectra/seg3/spec_0088_r030.00_i023.00_a176.98.h5
seg3,89,30.0,23.0,178.99441340782124,/data/sborthak/m61/edinburgh_movie/spectra/seg3/spec_0089_r030.00_i023.00_a178.99.h5
seg3,90,30.0,23.0,181.0055865921788,/data/sborthak/m61/edinburgh_movie/spectra/seg3/spec_0090_r030.00_i023.00_a181.01.h5
seg3,91,30.0,23.0,183.0167597765363,/data/sborthak/m61/edinburgh_movie/spectra/seg3/spec_0091_r030.00_i023.00_a183.02.h5
seg3,92,30.0,23.0,185.02793296089385,/data/sborthak/m61/edinburgh_movie/spectra/seg3/spec_0092_r030.00_i023.00_a185.03.h5
seg3,93,30.0,23.0,187.03910614525142,/data/sborthak/m61/edinburgh_movie/spectra/seg3/spec_0093_r030.00_i023.00_a187.04.h5
seg3,94,30.0,23.0,189.05027932960894,/data/sborthak/m61/edinburgh_movie/spectra/seg3/spec_0094_r030.00_i023.00_a189.05.h5
seg3,95,30.0,23.0,191.0614525139665,/data/sborthak/m61/edinburgh_movie/spectra/seg3/spec_0095_r030.00_i023.00_a191.06.h5
seg3,96,30.0,23.0,193.07262569832403,/data/sborthak/m61/edinburgh_movie/spectra/seg3/spec_0096_r030.00_i023.00_a193.07.h5
seg3,97,30.0,23.0,195.08379888268158,/data/sborthak/m61/edinburgh_movie/spectra/seg3/spec_0097_r030.00_i023.00_a195.08.h5
seg3,98,30.0,23.0,197.0949720670391,/data/sborthak/m61/edinburgh_movie/spectra/seg3/spec_0098_r030.00_i023.00_a197.09.h5
seg3,99,30.0,23.0,199.10614525139667,/data/sborthak/m61/edinburgh_movie/spectra/seg3/spec_0099_r030.00_i023.00_a199.11.h5
seg3,100,30.0,23.0,201.11731843575419,/data/sborthak/m61/edinburgh_movie/spectra/seg3/spec_0100_r030.00_i023.00_a201.12.h5
seg3,101,30.0,23.0,203.12849162011173,/data/sborthak/m61/edinburgh_movie/spectra/seg3/spec_0101_r030.00_i023.00_a203.13.h5
seg3,102,30.0,23.0,205.1396648044693,/data/sborthak/m61/edinburgh_movie/spectra/seg3/spec_0102_r030.00_i023.00_a205.14.h5
seg3,103,30.0,23.0,207.15083798882682,/data/sborthak/m61/edinburgh_movie/spectra/seg3/spec_0103_r030.00_i023.00_a207.15.h5
seg3,104,30.0,23.0,209.16201117318437,/data/sborthak/m61/edinburgh_movie/spectra/seg3/spec_0104_r030.00_i023.00_a209.16.h5
seg3,105,30.0,23.0,211.17318435754188,/data/sborthak/m61/edinburgh_movie/spectra/seg3/spec_0105_r030.00_i023.00_a211.17.h5
seg3,106,30.0,23.0,213.18435754189946,/data/sborthak/m61/edinburgh_movie/spectra/seg3/spec_0106_r030.00_i023.00_a213.18.h5
seg3,107,30.0,23.0,215.19553072625698,/data/sborthak/m61/edinburgh_movie/spectra/seg3/spec_0107_r030.00_i023.00_a215.20.h5
seg3,108,30.0,23.0,217.20670391061452,/data/sborthak/m61/edinburgh_movie/spectra/seg3/spec_0108_r030.00_i023.00_a217.21.h5
seg3,109,30.0,23.0,219.21787709497207,/data/sborthak/m61/edinburgh_movie/spectra/seg3/spec_0109_r030.00_i023.00_a219.22.h5
seg3,110,30.0,23.0,221.2290502793296,/data/sborthak/m61/edinburgh_movie/spectra/seg3/spec_0110_r030.00_i023.00_a221.23.h5
seg3,111,30.0,23.0,223.2402234636872,/data/sborthak/m61/edinburgh_movie/spectra/seg3/spec_0111_r030.00_i023.00_a223.24.h5
seg3,112,30.0,23.0,225.2513966480447,/data/sborthak/m61/edinburgh_movie/spectra/seg3/spec_0112_r030.00_i023.00_a225.25.h5
seg3,113,30.0,23.0,227.26256983240225,/data/sborthak/m61/edinburgh_movie/spectra/seg3/spec_0113_r030.00_i023.00_a227.26.h5
seg3,114,30.0,23.0,229.27374301675977,/data/sborthak/m61/edinburgh_movie/spectra/seg3/spec_0114_r030.00_i023.00_a229.27.h5
seg3,115,30.0,23.0,231.28491620111734,/data/sborthak/m61/edinburgh_movie/spectra/seg3/spec_0115_r030.00_i023.00_a231.28.h5
seg3,116,30.0,23.0,233.29608938547486,/data/sborthak/m61/edinburgh_movie/spectra/seg3/spec_0116_r030.00_i023.00_a233.30.h5
seg3,117,30.0,23.0,235.3072625698324,/data/sborthak/m61/edinburgh_movie/spectra/seg3/spec_0117_r030.00_i023.00_a235.31.h5
seg3,118,30.0,23.0,237.31843575418992,/data/sborthak/m61/edinburgh_movie/spectra/seg3/spec_0118_r030.00_i023.00_a237.32.h5
seg3,119,30.0,23.0,239.3296089385475,/data/sborthak/m61/edinburgh_movie/spectra/seg3/spec_0119_r030.00_i023.00_a239.33.h5
seg3,120,30.0,23.0,241.34078212290504,/data/sborthak/m61/edinburgh_movie/spectra/seg3/spec_0120_r030.00_i023.00_a241.34.h5
seg3,121,30.0,23.0,243.35195530726259,/data/sborthak/m61/edinburgh_movie/spectra/seg3/spec_0121_r030.00_i023.00_a243.35.h5
seg3,122,30.0,23.0,245.36312849162013,/data/sborthak/m61/edinburgh_movie/spectra/seg3/spec_0122_r030.00_i023.00_a245.36.h5
seg3,123,30.0,23.0,247.37430167597765,/data/sborthak/m61/edinburgh_movie/spectra/seg3/spec_0123_r030.00_i023.00_a247.37.h5
seg3,124,30.0,23.0,249.38547486033522,/data/sborthak/m61/edinburgh_movie/spectra/seg3/spec_0124_r030.00_i023.00_a249.39.h5
seg3,125,30.0,23.0,251.39664804469274,/data/sborthak/m61/edinburgh_movie/spectra/seg3/spec_0125_r030.00_i023.00_a251.40.h5
seg3,126,30.0,23.0,253.40782122905028,/data/sborthak/m61/edinburgh_movie/spectra/seg3/spec_0126_r030.00_i023.00_a253.41.h5
seg3,127,30.0,23.0,255.4189944134078,/data/sborthak/m61/edinburgh_movie/spectra/seg3/spec_0127_r030.00_i023.00_a255.42.h5
seg3,128,30.0,23.0,257.4301675977654,/data/sborthak/m61/edinburgh_movie/spectra/seg3/spec_0128_r030.00_i023.00_a257.43.h5
seg3,129,30.0,23.0,259.44134078212295,/data/sborthak/m61/edinburgh_movie/spectra/seg3/spec_0129_r030.00_i023.00_a259.44.h5
seg3,130,30.0,23.0,261.45251396648047,/data/sborthak/m61/edinburgh_movie/spectra/seg3/spec_0130_r030.00_i023.00_a261.45.h5
seg3,131,30.0,23.0,263.463687150838,/data/sborthak/m61/edinburgh_movie/spectra/seg3/spec_0131_r030.00_i023.00_a263.46.h5
seg3,132,30.0,23.0,265.47486033519556,/data/sborthak/m61/edinburgh_movie/spectra/seg3/spec_0132_r030.00_i023.00_a265.47.h5
seg3,133,30.0,23.0,267.4860335195531,/data/sborthak/m61/edinburgh_movie/spectra/seg3/spec_0133_r030.00_i023.00_a267.49.h5
seg3,134,30.0,23.0,269.4972067039106,/data/sborthak/m61/edinburgh_movie/spectra/seg3/spec_0134_r030.00_i023.00_a269.50.h5
seg3,135,30.0,23.0,271.50837988826817,/data/sborthak/m61/edinburgh_movie/spectra/seg3/spec_0135_r030.00_i023.00_a271.51.h5
seg3,136,30.0,23.0,273.5195530726257,/data/sborthak/m61/edinburgh_movie/spectra/seg3/spec_0136_r030.00_i023.00_a273.52.h5
seg3,137,30.0,23.0,275.53072625698326,/data/sborthak/m61/edinburgh_movie/spectra/seg3/spec_0137_r030.00_i023.00_a275.53.h5
seg3,138,30.0,23.0,277.54189944134083,/data/sborthak/m61/edinburgh_movie/spectra/seg3/spec_0138_r030.00_i023.00_a277.54.h5
seg3,139,30.0,23.0,279.55307262569835,/data/sborthak/m61/edinburgh_movie/spectra/seg3/spec_0139_r030.00_i023.00_a279.55.h5
seg3,140,30.0,23.0,281.56424581005587,/data/sborthak/m61/edinburgh_movie/spectra/seg3/spec_0140_r030.00_i023.00_a281.56.h5
seg3,141,30.0,23.0,283.5754189944134,/data/sborthak/m61/edinburgh_movie/spectra/seg3/spec_0141_r030.00_i023.00_a283.58.h5
seg3,142,30.0,23.0,285.58659217877096,/data/sborthak/m61/edinburgh_movie/spectra/seg3/spec_0142_r030.00_i023.00_a285.59.h5
seg3,143,30.0,23.0,287.5977653631285,/data/sborthak/m61/edinburgh_movie/spectra/seg3/spec_0143_r030.00_i023.00_a287.60.h5
seg3,144,30.0,23.0,289.60893854748605,/data/sborthak/m61/edinburgh_movie/spectra/seg3/spec_0144_r030.00_i023.00_a289.61.h5
seg3,145,30.0,23.0,291.62011173184356,/data/sborthak/m61/edinburgh_movie/spectra/seg3/spec_0145_r030.00_i023.00_a291.62.h5
seg3,146,30.0,23.0,293.63128491620114,/data/sborthak/m61/edinburgh_movie/spectra/seg3/spec_0146_r030.00_i023.00_a293.63.h5
seg3,147,30.0,23.0,295.6424581005587,/data/sborthak/m61/edinburgh_movie/spectra/seg3/spec_0147_r030.00_i023.00_a295.64.h5
seg3,148,30.0,23.0,297.65363128491623,/data/sborthak/m61/edinburgh_movie/spectra/seg3/spec_0148_r030.00_i023.00_a297.65.h5
seg3,149,30.0,23.0,299.66480446927375,/data/sborthak/m61/edinburgh_movie/spectra/seg3/spec_0149_r030.00_i023.00_a299.66.h5
seg3,150,30.0,23.0,301.67597765363126,/data/sborthak/m61/edinburgh_movie/spectra/seg3/spec_0150_r030.00_i023.00_a301.68.h5
seg3,151,30.0,23.0,303.68715083798884,/data/sborthak/m61/edinburgh_movie/spectra/seg3/spec_0151_r030.00_i023.00_a303.69.h5
seg3,152,30.0,23.0,305.69832402234636,/data/sborthak/m61/edinburgh_movie/spectra/seg3/spec_0152_r030.00_i023.00_a305.70.h5
seg3,153,30.0,23.0,307.70949720670393,/data/sborthak/m61/edinburgh_movie/spectra/seg3/spec_0153_r030.00_i023.00_a307.71.h5
seg3,154,30.0,23.0,309.72067039106145,/data/sborthak/m61/edinburgh_movie/spectra/seg3/spec_0154_r030.00_i023.00_a309.72.h5
seg3,155,30.0,23.0,311.731843575419,/data/sborthak/m61/edinburgh_movie/spectra/seg3/spec_0155_r030.00_i023.00_a311.73.h5
seg3,156,30.0,23.0,313.74301675977654,/data/sborthak/m61/edinburgh_movie/spectra/seg3/spec_0156_r030.00_i023.00_a313.74.h5
seg3,157,30.0,23.0,315.7541899441341,/data/sborthak/m61/edinburgh_movie/spectra/seg3/spec_0157_r030.00_i023.00_a315.75.h5
seg3,158,30.0,23.0,317.76536312849163,/data/sborthak/m61/edinburgh_movie/spectra/seg3/spec_0158_r030.00_i023.00_a317.77.h5
seg3,159,30.0,23.0,319.77653631284915,/data/sborthak/m61/edinburgh_movie/spectra/seg3/spec_0159_r030.00_i023.00_a319.78.h5
seg3,160,30.0,23.0,321.7877094972067,/data/sborthak/m61/edinburgh_movie/spectra/seg3/spec_0160_r030.00_i023.00_a321.79.h5
seg3,161,30.0,23.0,323.79888268156424,/data/sborthak/m61/edinburgh_movie/spectra/seg3/spec_0161_r030.00_i023.00_a323.80.h5
seg3,162,30.0,23.0,325.8100558659218,/data/sborthak/m61/edinburgh_movie/spectra/seg3/spec_0162_r030.00_i023.00_a325.81.h5
seg3,163,30.0,23.0,327.8212290502793,/data/sborthak/m61/edinburgh_movie/spectra/seg3/spec_0163_r030.00_i023.00_a327.82.h5
seg3,164,30.0,23.0,329.8324022346369,/data/sborthak/m61/edinburgh_movie/spectra/seg3/spec_0164_r030.00_i023.00_a329.83.h5
seg3,165,30.0,23.0,331.8435754189944,/data/sborthak/m61/edinburgh_movie/spectra/seg3/spec_0165_r030.00_i023.00_a331.84.h5
seg3,166,30.0,23.0,333.85474860335194,/data/sborthak/m61/edinburgh_movie/spectra/seg3/spec_0166_r030.00_i023.00_a333.85.h5
seg3,167,30.0,23.0,335.8659217877095,/data/sborthak/m61/edinburgh_movie/spectra/seg3/spec_0167_r030.00_i023.00_a335.87.h5
seg3,168,30.0,23.0,337.877094972067,/data/sborthak/m61/edinburgh_movie/spectra/seg3/spec_0168_r030.00_i023.00_a337.88.h5
seg3,169,30.0,23.0,339.8882681564246,/data/sborthak/m61/edinburgh_movie/spectra/seg3/spec_0169_r030.00_i023.00_a339.89.h5
seg3,170,30.0,23.0,341.8994413407821,/data/sborthak/m61/edinburgh_movie/spectra/seg3/spec_0170_r030.00_i023.00_a341.90.h5
seg3,171,30.0,23.0,343.9106145251397,/data/sborthak/m61/edinburgh_movie/spectra/seg3/spec_0171_r030.00_i023.00_a343.91.h5
seg3,172,30.0,23.0,345.9217877094972,/data/sborthak/m61/edinburgh_movie/spectra/seg3/spec_0172_r030.00_i023.00_a345.92.h5
seg3,173,30.0,23.0,347.9329608938548,/data/sborthak/m61/edinburgh_movie/spectra/seg3/spec_0173_r030.00_i023.00_a347.93.h5
seg3,174,30.0,23.0,349.9441340782123,/data/sborthak/m61/edinburgh_movie/spectra/seg3/spec_0174_r030.00_i023.00_a349.94.h5
seg3,175,30.0,23.0,351.9553072625698,/data/sborthak/m61/edinburgh_movie/spectra/seg3/spec_0175_r030.00_i023.00_a351.96.h5
seg3,176,30.0,23.0,353.9664804469274,/data/sborthak/m61/edinburgh_movie/spectra/seg3/spec_0176_r030.00_i023.00_a353.97.h5
seg3,177,30.0,23.0,355.9776536312849,/data/sborthak/m61/edinburgh_movie/spectra/seg3/spec_0177_r030.00_i023.00_a355.98.h5
seg3,178,30.0,23.0,357.9888268156425,/data/sborthak/m61/edinburgh_movie/spectra/seg3/spec_0178_r030.00_i023.00_a357.99.h5
seg3,179,30.0,23.0,360.0,/data/sborthak/m61/edinburgh_movie/spectra/seg3/spec_0179_r030.00_i023.00_a360.00.h5
